ID,Fwy,Direction,Type,Lat,Lng,Lanes
404356,SR4-E,E,Mainline,38.015867,-122.182664,2
402518,SR4-E,E,Mainline,38.015347,-122.179054,2
402516,SR4-E,E,Mainline,38.006871,-122.166606,2
402214,SR4-E,E,Mainline,38.001498,-122.150137,2
402212,SR4-E,E,Mainline,37.995777,-122.144977,2
402210,SR4-E,E,Mainline,37.989935,-122.139741,2
402835,SR4-E,E,Mainline,37.99036,-122.131008,2
414294,SR4-E,E,Mainline,37.991042,-122.127995,2
414295,SR4-E,E,Mainline,37.993914,-122.121913,3
402513,SR4-E,E,Mainline,37.995545,-122.119103,3
414025,SR4-E,E,Mainline,37.996141,-122.117435,3
402512,SR4-E,E,Mainline,37.996353,-122.113433,3
402510,SR4-E,E,Mainline,37.99419,-122.10704,3
414028,SR4-E,E,Mainline,37.990892,-122.098451,3
416736,SR4-E,E,Mainline,37.990758,-122.097928,3
414031,SR4-E,E,Mainline,37.990569,-122.092837,3
402837,SR4-E,E,Mainline,37.991002,-122.086497,3
401952,SR4-E,E,Mainline,37.992177,-122.076479,2
414032,SR4-E,E,Mainline,37.992589,-122.07532,2
406623,SR4-E,E,Mainline,37.993989,-122.071289,3
405046,SR4-E,E,Mainline,37.995123,-122.067914,2
414039,SR4-E,E,Mainline,37.998268,-122.060378,2
405270,SR4-E,E,Mainline,38.001389,-122.050932,2
402207,SR4-E,E,Mainline,38.002161,-122.047775,2
405580,SR4-E,E,Mainline,38.007657,-122.0321,3
414480,SR4-E,E,Mainline,38.00914,-122.024998,5
400615,SR4-E,E,Mainline,38.010295,-122.017437,4
402205,SR4-E,E,Mainline,38.011347,-122.010573,4
401568,SR4-E,E,Mainline,38.013247,-121.998502,4
400049,SR4-E,E,Mainline,38.014622,-121.994448,4
406056,SR4-E,E,Mainline,38.018609,-121.98725,5
407233,SR4-E,E,Mainline,38.021173,-121.981491,5
406057,SR4-E,E,Mainline,38.023532,-121.97444,5
405269,SR4-E,E,Mainline,38.023366,-121.968953,4
400764,SR4-E,E,Mainline,38.022988,-121.966809,4
400270,SR4-E,E,Mainline,38.022118,-121.962342,4
404350,SR4-E,E,Mainline,38.020561,-121.954311,4
401485,SR4-E,E,Mainline,38.019047,-121.94895,4
400324,SR4-E,E,Mainline,38.018708,-121.941653,4
404873,SR4-E,E,Mainline,38.018714,-121.938703,4
414035,SR4-E,E,Mainline,38.019405,-121.924664,4
402503,SR4-E,E,Mainline,38.019991,-121.917022,4
402203,SR4-E,E,Mainline,38.019932,-121.905976,4
401826,SR4-E,E,Mainline,38.01981,-121.90176,4
401828,SR4-E,E,Mainline,38.01749,-121.892302,4
401829,SR4-E,E,Mainline,38.016161,-121.886863,4
402502,SR4-E,E,Mainline,38.014413,-121.879651,3
414041,SR4-E,E,Mainline,38.01402,-121.877505,5
401954,SR4-E,E,Mainline,38.011247,-121.864952,4
402069,SR4-E,E,Mainline,38.008461,-121.854505,5
408154,SR4-E,E,Mainline,38.007839,-121.852239,5
408602,SR4-E,E,Mainline,38.00335,-121.835925,4
408604,SR4-E,E,Mainline,38.002147,-121.831598,5
409956,SR4-E,E,Mainline,37.99985,-121.82326,4
409958,SR4-E,E,Mainline,37.99892,-121.819777,4
409960,SR4-E,E,Mainline,37.998069,-121.815712,5
416929,SR4-E,E,Mainline,37.998046,-121.808922,4
402491,SR4-E,E,Mainline,37.998041,-121.805433,2
416930,SR4-E,E,Mainline,37.998036,-121.803031,4
416449,SR4-E,E,Mainline,37.997951,-121.796612,5
414707,SR4-E,E,Mainline,37.996513,-121.787786,4
402489,SR4-E,E,Mainline,37.995933,-121.784378,2
414831,SR4-E,E,Mainline,37.995809,-121.783656,4
414830,SR4-E,E,Mainline,37.994803,-121.777732,4
414829,SR4-E,E,Mainline,37.993566,-121.770914,4
421970,SR4-E,E,Mainline,37.990996,-121.763325,3
405742,SR4-E,E,Mainline,37.990366,-121.758604,3
402482,SR4-E,E,Mainline,37.990233,-121.757519,2
402086,SR4-E,E,Mainline,37.990042,-121.756062,3
423158,SR4-E,E,Mainline,37.988767,-121.752402,3
402088,SR4-E,E,Mainline,37.980677,-121.745776,3
402090,SR4-E,E,Mainline,37.980043,-121.745333,2
402091,SR4-E,E,Mainline,37.979789,-121.745155,2
402094,SR4-E,E,Mainline,37.964854,-121.740054,2
402096,SR4-E,E,Mainline,37.964456,-121.740326,2
408152,SR4-E,E,Mainline,37.960149,-121.74361,2
408151,SR4-E,E,Mainline,37.952549,-121.744429,2
408606,SR4-E,E,Mainline,37.938103,-121.738773,2
424094,SR4-E,E,Mainline,37.934579,-121.737108,2
424095,SR4-E,E,Mainline,37.928804,-121.734381,2
424096,SR4-E,E,Mainline,37.92675,-121.73349,1
424092,SR4-E,E,Mainline,37.924366,-121.732716,2
424091,SR4-E,E,Mainline,37.922805,-121.732331,2
424098,SR4-E,E,Mainline,37.917173,-121.732127,1
402522,SR4-W,W,Mainline,38.008562,-122.220678,2
403267,SR4-W,W,Mainline,38.00858,-122.208422,2
402521,SR4-W,W,Mainline,38.010999,-122.201565,2
406065,SR4-W,W,Mainline,38.016016,-122.182669,2
402517,SR4-W,W,Mainline,38.015575,-122.179034,2
402505,SR4-W,W,Mainline,38.011266,-122.172198,2
402515,SR4-W,W,Mainline,38.007109,-122.166569,2
402213,SR4-W,W,Mainline,38.001707,-122.150084,2
402211,SR4-W,W,Mainline,37.99605,-122.144786,2
402209,SR4-W,W,Mainline,37.990092,-122.139719,3
414046,SR4-W,W,Mainline,37.990239,-122.132554,3
402834,SR4-W,W,Mainline,37.990552,-122.130959,3
402514,SR4-W,W,Mainline,37.993945,-122.122364,3
414306,SR4-W,W,Mainline,37.994194,-122.121907,3
402511,SR4-W,W,Mainline,37.996593,-122.11338,3
402509,SR4-W,W,Mainline,37.994441,-122.106976,3
414050,SR4-W,W,Mainline,37.992454,-122.10187,3
402507,SR4-W,W,Mainline,37.990725,-122.094956,3
414056,SR4-W,W,Mainline,37.990878,-122.092761,3
402836,SR4-W,W,Mainline,37.991269,-122.086531,3
402208,SR4-W,W,Mainline,37.991988,-122.078142,2
401951,SR4-W,W,Mainline,37.992454,-122.076392,2
414053,SR4-W,W,Mainline,37.992687,-122.075672,2
405583,SR4-W,W,Mainline,37.993908,-122.07206,2
401756,SR4-W,W,Mainline,37.995123,-122.068515,3
414060,SR4-W,W,Mainline,37.998134,-122.061239,2
414311,SR4-W,W,Mainline,38.001561,-122.051391,2
402206,SR4-W,W,Mainline,38.002575,-122.047364,2
405585,SR4-W,W,Mainline,38.00796,-122.032413,3
414058,SR4-W,W,Mainline,38.008721,-122.029848,3
400516,SR4-W,W,Mainline,38.009807,-122.023367,2
402204,SR4-W,W,Mainline,38.01195,-122.009481,4
401476,SR4-W,W,Mainline,38.013608,-121.99884,4
400993,SR4-W,W,Mainline,38.016167,-121.992426,4
406063,SR4-W,W,Mainline,38.018935,-121.987574,5
407238,SR4-W,W,Mainline,38.021449,-121.981785,5
406064,SR4-W,W,Mainline,38.023842,-121.974729,5
405274,SR4-W,W,Mainline,38.023805,-121.969427,4
405276,SR4-W,W,Mainline,38.023048,-121.965504,4
405275,SR4-W,W,Mainline,38.022488,-121.962645,4
402504,SR4-W,W,Mainline,38.021948,-121.959789,4
404358,SR4-W,W,Mainline,38.020929,-121.954613,4
401526,SR4-W,W,Mainline,38.019378,-121.949271,4
404360,SR4-W,W,Mainline,38.019098,-121.942678,5
414043,SR4-W,W,Mainline,38.019105,-121.939375,5
404877,SR4-W,W,Mainline,38.019108,-121.939005,4
414057,SR4-W,W,Mainline,38.019567,-121.924775,4
401825,SR4-W,W,Mainline,38.019902,-121.901355,4
401827,SR4-W,W,Mainline,38.017781,-121.892161,4
402501,SR4-W,W,Mainline,38.015328,-121.88184,4
401830,SR4-W,W,Mainline,38.013862,-121.875409,5
408164,SR4-W,W,Mainline,38.012389,-121.86926,4
402068,SR4-W,W,Mainline,38.008612,-121.854384,5
408165,SR4-W,W,Mainline,38.007951,-121.851962,5
408615,SR4-W,W,Mainline,38.004306,-121.838771,4
411075,SR4-W,W,Mainline,38.002294,-121.831484,5
409966,SR4-W,W,Mainline,38.000002,-121.823153,4
409968,SR4-W,W,Mainline,37.998186,-121.81561,5
416940,SR4-W,W,Mainline,37.998257,-121.809077,4
402490,SR4-W,W,Mainline,37.998257,-121.808341,2
416943,SR4-W,W,Mainline,37.998257,-121.80301,4
416459,SR4-W,W,Mainline,37.998174,-121.796584,5
414719,SR4-W,W,Mainline,37.996667,-121.787405,4
402488,SR4-W,W,Mainline,37.996143,-121.784344,2
414839,SR4-W,W,Mainline,37.996052,-121.783807,3
414840,SR4-W,W,Mainline,37.995682,-121.781646,3
414838,SR4-W,W,Mainline,37.995014,-121.777705,4
414837,SR4-W,W,Mainline,37.993777,-121.770891,4
421977,SR4-W,W,Mainline,37.991289,-121.763626,3
402483,SR4-W,W,Mainline,37.990747,-121.759823,1
405746,SR4-W,W,Mainline,37.990594,-121.758554,3
402085,SR4-W,W,Mainline,37.990264,-121.75602,3
402089,SR4-W,W,Mainline,37.983658,-121.747439,2
402087,SR4-W,W,Mainline,37.981027,-121.745487,3
402092,SR4-W,W,Mainline,37.97175,-121.739085,2
402093,SR4-W,W,Mainline,37.965277,-121.739626,2
402095,SR4-W,W,Mainline,37.965265,-121.739634,2
408166,SR4-W,W,Mainline,37.953027,-121.744424,2
402098,SR4-W,W,Mainline,37.952476,-121.744429,2
408619,SR4-W,W,Mainline,37.944701,-121.741896,2
424105,SR4-W,W,Mainline,37.934566,-121.737101,2
424106,SR4-W,W,Mainline,37.928737,-121.734302,2
424104,SR4-W,W,Mainline,37.924364,-121.732557,1
424111,SR4-W,W,Mainline,37.9228,-121.732189,1
424110,SR4-W,W,Mainline,37.917144,-121.732127,1
407987,SR24-E,E,Mainline,37.861705,-122.209368,4
400048,SR24-E,E,Mainline,37.86726,-122.199105,4
401687,SR24-E,E,Mainline,37.868707,-122.194653,4
400736,SR24-E,E,Mainline,37.872735,-122.18927,4
400438,SR24-E,E,Mainline,37.87761,-122.184005,4
400345,SR24-E,E,Mainline,37.882713,-122.1802,5
400389,SR24-E,E,Mainline,37.887084,-122.177406,5
401681,SR24-E,E,Mainline,37.890212,-122.17369,5
401746,SR24-E,E,Mainline,37.892433,-122.167031,4
400323,SR24-E,E,Mainline,37.892701,-122.16068,4
400171,SR24-E,E,Mainline,37.891457,-122.152067,4
400579,SR24-E,E,Mainline,37.890953,-122.148661,4
400532,SR24-E,E,Mainline,37.890463,-122.137515,4
402476,SR24-E,E,Mainline,37.891579,-122.13026,4
400251,SR24-E,E,Mainline,37.893156,-122.123812,4
400197,SR24-E,E,Mainline,37.895088,-122.112962,4
400494,SR24-E,E,Mainline,37.895807,-122.108492,5
401684,SR24-E,E,Mainline,37.897341,-122.099019,4
401002,SR24-E,E,Mainline,37.897666,-122.09174,4
400946,SR24-E,E,Mainline,37.89776,-122.086814,5
400748,SR24-E,E,Mainline,37.89729,-122.081421,6
407997,SR24-W,W,Mainline,37.862139,-122.209838,4
400989,SR24-W,W,Mainline,37.867462,-122.200125,4
400101,SR24-W,W,Mainline,37.872945,-122.189548,5
400617,SR24-W,W,Mainline,37.878808,-122.185235,4
400413,SR24-W,W,Mainline,37.881791,-122.181562,4
401689,SR24-W,W,Mainline,37.888027,-122.177148,5
400747,SR24-W,W,Mainline,37.891089,-122.172893,5
400354,SR24-W,W,Mainline,37.892849,-122.166614,5
401683,SR24-W,W,Mainline,37.892591,-122.156901,5
400800,SR24-W,W,Mainline,37.892206,-122.154409,5
400600,SR24-W,W,Mainline,37.891528,-122.149959,5
400616,SR24-W,W,Mainline,37.891578,-122.142555,4
400619,SR24-W,W,Mainline,37.891509,-122.132425,4
401423,SR24-W,W,Mainline,37.893061,-122.12582,4
400550,SR24-W,W,Mainline,37.89455,-122.118824,4
400878,SR24-W,W,Mainline,37.895657,-122.111891,5
400289,SR24-W,W,Mainline,37.896274,-122.107979,5
401692,SR24-W,W,Mainline,37.897512,-122.10034,4
400604,SR24-W,W,Mainline,37.89803,-122.09204,4
400580,SR24-W,W,Mainline,37.89816,-122.087509,5
401482,SR24-W,W,Mainline,37.897809,-122.082484,6
402062,I80-E,E,Mainline,37.89875,-122.309494,4
400329,I80-E,E,Mainline,37.903574,-122.31244,4
401509,I80-E,E,Mainline,37.904465,-122.313054,4
401575,I80-E,E,Mainline,37.909564,-122.31655,4
400027,I80-E,E,Mainline,37.914241,-122.317388,4
401558,I80-E,E,Mainline,37.91859,-122.317348,4
401045,I80-E,E,Mainline,37.924801,-122.320238,4
400182,I80-E,E,Mainline,37.925458,-122.320648,6
400445,I80-E,E,Mainline,37.932712,-122.325878,4
400443,I80-E,E,Mainline,37.937479,-122.325945,4
405754,I80-E,E,Mainline,37.948086,-122.325699,4
406652,I80-E,E,Mainline,37.954251,-122.328788,4
400770,I80-E,E,Mainline,37.955597,-122.329563,4
401895,I80-E,E,Mainline,37.959098,-122.33058,4
417277,I80-E,E,Mainline,37.964182,-122.325908,4
416790,I80-E,E,Mainline,37.965565,-122.323404,4
401551,I80-E,E,Mainline,37.972158,-122.319728,5
400082,I80-E,E,Mainline,37.980187,-122.317007,4
400976,I80-E,E,Mainline,37.986348,-122.314626,4
400838,I80-E,E,Mainline,37.988948,-122.312525,5
400430,I80-E,E,Mainline,37.991671,-122.308362,5
400865,I80-E,E,Mainline,37.99336,-122.301718,4
400902,I80-E,E,Mainline,37.993583,-122.300078,4
400660,I80-E,E,Mainline,37.99801,-122.285108,4
401070,I80-E,E,Mainline,38.003715,-122.279792,4
401058,I80-E,E,Mainline,38.007548,-122.276203,4
415255,I80-E,E,Mainline,38.012634,-122.271459,5
401090,I80-E,E,Mainline,38.013374,-122.270787,5
415254,I80-E,E,Mainline,38.01664,-122.267759,4
400478,I80-E,E,Mainline,38.016698,-122.267706,4
403946,I80-E,E,Mainline,38.023822,-122.261076,4
403276,I80-E,E,Mainline,38.029324,-122.255991,4
403458,I80-E,E,Mainline,38.033961,-122.251633,4
400124,I80-E,E,Mainline,38.036872,-122.249008,4
403460,I80-E,E,Mainline,38.042156,-122.242272,4
408634,I80-E,E,Mainline,38.044441,-122.238958,4
401793,I80-E,E,Mainline,38.046061,-122.236703,4
404401,I80-E,E,Mainline,38.052579,-122.227498,3
401052,I80-W,W,Mainline,37.898689,-122.309697,4
409584,I80-W,W,Mainline,37.900816,-122.310886,4
400628,I80-W,W,Mainline,37.903475,-122.312712,4
400079,I80-W,W,Mainline,37.904377,-122.313309,4
400755,I80-W,W,Mainline,37.909536,-122.316706,4
401229,I80-W,W,Mainline,37.91248,-122.317515,4
400470,I80-W,W,Mainline,37.914219,-122.317555,4
400819,I80-W,W,Mainline,37.918568,-122.317539,4
401041,I80-W,W,Mainline,37.92469,-122.320506,4
400378,I80-W,W,Mainline,37.925318,-122.320965,5
400113,I80-W,W,Mainline,37.932553,-122.326013,4
400361,I80-W,W,Mainline,37.937368,-122.326196,4
401253,I80-W,W,Mainline,37.943406,-122.323941,4
405763,I80-W,W,Mainline,37.947988,-122.325817,4
415263,I80-W,W,Mainline,37.949897,-122.326742,4
401256,I80-W,W,Mainline,37.952266,-122.327891,5
406660,I80-W,W,Mainline,37.954132,-122.3289,4
401894,I80-W,W,Mainline,37.959017,-122.33077,5
417288,I80-W,W,Mainline,37.964094,-122.326415,5
416774,I80-W,W,Mainline,37.965473,-122.323829,4
401197,I80-W,W,Mainline,37.969432,-122.320772,4
401571,I80-W,W,Mainline,37.972099,-122.319898,5
401215,I80-W,W,Mainline,37.974619,-122.319044,4
411149,I80-W,W,Mainline,37.977141,-122.318156,4
400411,I80-W,W,Mainline,37.980256,-122.317154,4
400538,I80-W,W,Mainline,37.987092,-122.31465,4
400465,I80-W,W,Mainline,37.989153,-122.3126,4
400929,I80-W,W,Mainline,37.991876,-122.308285,5
401480,I80-W,W,Mainline,37.99346,-122.301971,4
400313,I80-W,W,Mainline,37.993511,-122.301607,4
401230,I80-W,W,Mainline,37.996269,-122.287675,4
400301,I80-W,W,Mainline,37.999311,-122.28411,4
401084,I80-W,W,Mainline,38.003734,-122.280004,5
401081,I80-W,W,Mainline,38.007643,-122.276369,4
401083,I80-W,W,Mainline,38.010814,-122.273346,4
401226,I80-W,W,Mainline,38.014164,-122.270259,4
415264,I80-W,W,Mainline,38.01661,-122.267992,4
400707,I80-W,W,Mainline,38.016716,-122.267896,4
401274,I80-W,W,Mainline,38.0216,-122.263382,4
400235,I80-W,W,Mainline,38.030602,-122.254968,4
403459,I80-W,W,Mainline,38.033934,-122.251887,4
400501,I80-W,W,Mainline,38.036851,-122.249232,4
403461,I80-W,W,Mainline,38.042178,-122.242478,4
401673,I80-W,W,Mainline,38.044372,-122.239337,4
401395,I80-W,W,Mainline,38.046031,-122.23699,4
404407,I80-W,W,Mainline,38.052683,-122.227605,4
401646,I80-W,W,Mainline,38.058015,-122.225635,4
414247,SR242-N,N,Mainline,37.963535,-122.050151,3
401282,SR242-N,N,Mainline,37.969613,-122.04788,3
414248,SR242-N,N,Mainline,37.973425,-122.046244,3
401393,SR242-N,N,Mainline,37.979004,-122.043205,3
400521,SR242-N,N,Mainline,37.987589,-122.040509,3
401537,SR242-N,N,Mainline,37.988174,-122.04039,3
414249,SR242-N,N,Mainline,37.992699,-122.039408,4
400112,SR242-N,N,Mainline,37.998096,-122.038232,4
414250,SR242-S,S,Mainline,37.963553,-122.05039,3
401289,SR242-S,S,Mainline,37.969653,-122.048119,3
414251,SR242-S,S,Mainline,37.973476,-122.046477,3
401399,SR242-S,S,Mainline,37.979212,-122.043366,3
400596,SR242-S,S,Mainline,37.987627,-122.040728,4
414252,SR242-S,S,Mainline,37.992735,-122.039621,4
400307,SR242-S,S,Mainline,37.997771,-122.03856,3
414253,SR242-S,S,Mainline,38.002914,-122.037482,3
405029,I580-E,E,Mainline,37.900628,-122.314601,3
405024,I580-E,E,Mainline,37.905897,-122.31891,3
400395,I580-E,E,Mainline,37.914244,-122.325871,3
407017,I580-E,E,Mainline,37.917462,-122.329259,4
400216,I580-E,E,Mainline,37.919642,-122.332292,3
400202,I580-E,E,Mainline,37.92135,-122.337615,3
400359,I580-E,E,Mainline,37.922431,-122.357855,3
400639,I580-E,E,Mainline,37.927097,-122.37423,3
424042,I580-E,E,Mainline,37.930921,-122.391041,3
424031,I580-E,E,Mainline,37.931883,-122.400709,3
424055,I580-E,E,Mainline,37.932214,-122.404914,3
421238,I580-E,E,Mainline,37.933492,-122.42342,3
405034,I580-W,W,Mainline,37.900654,-122.314366,3
405030,I580-W,W,Mainline,37.90599,-122.31874,3
400407,I580-W,W,Mainline,37.914274,-122.325581,3
407023,I580-W,W,Mainline,37.917369,-122.328803,4
400867,I580-W,W,Mainline,37.919482,-122.331673,3
400675,I580-W,W,Mainline,37.921473,-122.336918,3
400734,I580-W,W,Mainline,37.926527,-122.365224,3
400738,I580-W,W,Mainline,37.927273,-122.37421,3
424059,I580-W,W,Mainline,37.931563,-122.392075,3
424084,I580-W,W,Mainline,37.932233,-122.401264,3
424086,I580-W,W,Mainline,37.932538,-122.405041,2
421260,I580-W,W,Mainline,37.933564,-122.423532,2
401434,I680-N,N,Mainline,37.724997,-121.941236,4
401359,I680-N,N,Mainline,37.729064,-121.944384,4
401917,I680-N,N,Mainline,37.736265,-121.949884,4
401102,I680-N,N,Mainline,37.747942,-121.957587,4
400880,I680-N,N,Mainline,37.751602,-121.959813,4
400212,I680-N,N,Mainline,37.75546,-121.962333,4
406906,I680-N,N,Mainline,37.758682,-121.964418,4
401487,I680-N,N,Mainline,37.761391,-121.966173,4
401279,I680-N,N,Mainline,37.767312,-121.970029,5
401955,I680-N,N,Mainline,37.771983,-121.972539,5
401468,I680-N,N,Mainline,37.775076,-121.974082,4
401441,I680-N,N,Mainline,37.777505,-121.9753,4
400118,I680-N,N,Mainline,37.780195,-121.976672,4
400988,I680-N,N,Mainline,37.784173,-121.978863,5
401107,I680-N,N,Mainline,37.788293,-121.981119,5
401098,I680-N,N,Mainline,37.797357,-121.98592,5
401422,I680-N,N,Mainline,37.800538,-121.988095,5
400152,I680-N,N,Mainline,37.805463,-121.990262,5
400972,I680-N,N,Mainline,37.813212,-121.993211,4
400090,I680-N,N,Mainline,37.819445,-121.993177,5
400554,I680-N,N,Mainline,37.822475,-121.993421,4
401314,I680-N,N,Mainline,37.823575,-121.993841,4
400207,I680-N,N,Mainline,37.827979,-121.998142,4
401112,I680-N,N,Mainline,37.832229,-122.004645,4
401104,I680-N,N,Mainline,37.833874,-122.007206,4
400712,I680-N,N,Mainline,37.835529,-122.009979,4
400450,I680-N,N,Mainline,37.838067,-122.014224,4
407463,I680-N,N,Mainline,37.839933,-122.017269,4
407462,I680-N,N,Mainline,37.845783,-122.025397,4
401724,I680-N,N,Mainline,37.849917,-122.028521,4
401924,I680-N,N,Mainline,37.853385,-122.02894,4
401444,I680-N,N,Mainline,37.857709,-122.030894,4
400636,I680-N,N,Mainline,37.862189,-122.033884,4
400933,I680-N,N,Mainline,37.86442,-122.036749,4
401373,I680-N,N,Mainline,37.868315,-122.039906,4
400785,I680-N,N,Mainline,37.871289,-122.042178,4
400150,I680-N,N,Mainline,37.874155,-122.044346,4
400303,I680-N,N,Mainline,37.875017,-122.045018,4
401566,I680-N,N,Mainline,37.881591,-122.050662,4
404683,I680-N,N,Mainline,37.889161,-122.057599,5
400211,I680-N,N,Mainline,37.8897,-122.058213,5
400025,I680-N,N,Mainline,37.892272,-122.06331,5
404694,I680-N,N,Mainline,37.89526,-122.069583,3
400801,I680-N,N,Mainline,37.897448,-122.070857,4
401095,I680-N,N,Mainline,37.901176,-122.070224,4
401542,I680-N,N,Mainline,37.906311,-122.069159,6
400078,I680-N,N,Mainline,37.913722,-122.066597,6
400814,I680-N,N,Mainline,37.917697,-122.063663,5
401407,I680-N,N,Mainline,37.921844,-122.061541,6
407464,I680-N,N,Mainline,37.926535,-122.060476,4
404684,I680-N,N,Mainline,37.932612,-122.060086,6
404696,I680-N,N,Mainline,37.932757,-122.060083,6
400505,I680-N,N,Mainline,37.935645,-122.060104,6
401762,I680-N,N,Mainline,37.942855,-122.05913,6
401778,I680-N,N,Mainline,37.943954,-122.05866,5
401770,I680-N,N,Mainline,37.947233,-122.057213,5
420614,I680-N,N,Mainline,37.954465,-122.053923,6
420613,I680-N,N,Mainline,37.959899,-122.052701,3
401742,I680-N,N,Mainline,37.963414,-122.054436,4
400184,I680-N,N,Mainline,37.964604,-122.055102,4
407452,I680-N,N,Mainline,37.97016,-122.059344,3
407457,I680-N,N,Mainline,37.978657,-122.065116,4
407455,I680-N,N,Mainline,37.982228,-122.065865,4
407456,I680-N,N,Mainline,37.98524,-122.066466,4
401718,I680-N,N,Mainline,37.993647,-122.068919,5
405924,I680-N,N,Mainline,37.996163,-122.071677,5
401113,I680-N,N,Mainline,37.999266,-122.075542,5
401780,I680-N,N,Mainline,38.002078,-122.078721,4
404687,I680-N,N,Mainline,38.005708,-122.082669,4
404690,I680-N,N,Mainline,38.014321,-122.091647,4
401768,I680-N,N,Mainline,38.020646,-122.100069,4
402411,I680-N,N,Mainline,38.024635,-122.109562,4
402541,I680-N,N,Mainline,38.031982,-122.11675,5
402103,I680-S,S,Mainline,37.724706,-121.94131,4
401356,I680-S,S,Mainline,37.729031,-121.944636,4
401918,I680-S,S,Mainline,37.736222,-121.95013,4
401126,I680-S,S,Mainline,37.747916,-121.957829,4
400696,I680-S,S,Mainline,37.751571,-121.96005,4
400553,I680-S,S,Mainline,37.755435,-121.962571,4
401461,I680-S,S,Mainline,37.75851,-121.964605,4
401347,I680-S,S,Mainline,37.76122,-121.966344,4
401288,I680-S,S,Mainline,37.767277,-121.970295,5
401956,I680-S,S,Mainline,37.771955,-121.972763,5
400446,I680-S,S,Mainline,37.77437,-121.973981,4
401950,I680-S,S,Mainline,37.777206,-121.975377,4
400105,I680-S,S,Mainline,37.77936,-121.976464,4
400958,I680-S,S,Mainline,37.784162,-121.979035,5
401103,I680-S,S,Mainline,37.788286,-121.9813,5
401114,I680-S,S,Mainline,37.797324,-121.986164,5
401420,I680-S,S,Mainline,37.800514,-121.988319,5
400741,I680-S,S,Mainline,37.805445,-121.990488,5
400437,I680-S,S,Mainline,37.813185,-121.993418,4
400767,I680-S,S,Mainline,37.819421,-121.993374,5
401328,I680-S,S,Mainline,37.823549,-121.994013,4
400401,I680-S,S,Mainline,37.827922,-121.99838,4
401124,I680-S,S,Mainline,37.829025,-122.000079,4
401999,I680-S,S,Mainline,37.832159,-122.004898,4
401097,I680-S,S,Mainline,37.833812,-122.007449,4
400852,I680-S,S,Mainline,37.835476,-122.010223,4
400393,I680-S,S,Mainline,37.837989,-122.014484,4
407487,I680-S,S,Mainline,37.839897,-122.017522,4
407486,I680-S,S,Mainline,37.845724,-122.025619,4
401744,I680-S,S,Mainline,37.84987,-122.028746,4
401925,I680-S,S,Mainline,37.853324,-122.029154,4
401437,I680-S,S,Mainline,37.857661,-122.031123,4
400053,I680-S,S,Mainline,37.862138,-122.034099,4
401484,I680-S,S,Mainline,37.865141,-122.037802,4
401366,I680-S,S,Mainline,37.868257,-122.040144,5
400169,I680-S,S,Mainline,37.871257,-122.042369,5
400749,I680-S,S,Mainline,37.874152,-122.044475,5
401794,I680-S,S,Mainline,37.875054,-122.045272,5
401519,I680-S,S,Mainline,37.881497,-122.050948,5
401889,I680-S,S,Mainline,37.883723,-122.053331,6
400774,I680-S,S,Mainline,37.885756,-122.055178,6
401840,I680-S,S,Mainline,37.886545,-122.056179,6
401344,I680-S,S,Mainline,37.889908,-122.058992,7
401818,I680-S,S,Mainline,37.892113,-122.063514,6
402072,I680-S,S,Mainline,37.893923,-122.067279,5
401110,I680-S,S,Mainline,37.901016,-122.070699,4
401056,I680-S,S,Mainline,37.904098,-122.069992,3
401111,I680-S,S,Mainline,37.906086,-122.069493,5
407475,I680-S,S,Mainline,37.914749,-122.066515,6
400208,I680-S,S,Mainline,37.918191,-122.06364,5
400883,I680-S,S,Mainline,37.92161,-122.061947,7
401522,I680-S,S,Mainline,37.925437,-122.060919,6
401283,I680-S,S,Mainline,37.92803,-122.060616,6
400193,I680-S,S,Mainline,37.935406,-122.060387,4
401280,I680-S,S,Mainline,37.94137,-122.060054,7
400037,I680-S,S,Mainline,37.943971,-122.058927,6
401734,I680-S,S,Mainline,37.947268,-122.057489,6
400110,I680-S,S,Mainline,37.951643,-122.055554,6
420645,I680-S,S,Mainline,37.954719,-122.054067,7
420643,I680-S,S,Mainline,37.960182,-122.052944,4
401774,I680-S,S,Mainline,37.963401,-122.054609,4
401748,I680-S,S,Mainline,37.967137,-122.057083,4
407469,I680-S,S,Mainline,37.970167,-122.059619,5
407479,I680-S,S,Mainline,37.977993,-122.065053,4
407471,I680-S,S,Mainline,37.982268,-122.066035,5
407473,I680-S,S,Mainline,37.985273,-122.066635,5
405930,I680-S,S,Mainline,37.995542,-122.071163,5
401496,I680-S,S,Mainline,37.99585,-122.071553,5
401100,I680-S,S,Mainline,37.998946,-122.075414,6
401720,I680-S,S,Mainline,38.002087,-122.078951,5
404727,I680-S,S,Mainline,38.005706,-122.082914,4
404728,I680-S,S,Mainline,38.007901,-122.085323,4
404730,I680-S,S,Mainline,38.01434,-122.091872,4
401750,I680-S,S,Mainline,38.020578,-122.100284,4
400756,I680-S,S,Mainline,38.024938,-122.11109,3
402412,I680-S,S,Mainline,38.027717,-122.116138,4
402545,I680-S,S,Mainline,38.03291,-122.117245,4
402543,I680-S,S,Mainline,38.034537,-122.118006,4
402542,I680-S,S,Mainline,38.036748,-122.119736,4
