station_id,package_node_index,road,direction,metadata_fields_present,has_learning_graph_neighbor,flow_usable_unique_history_slots,occupancy_usable_unique_history_slots,speed_usable_unique_history_slots,all_three_usable_same_slot_count,unique_history_slots,common_input_presence,all_history_slots_jointly_usable,report_supported_train_windows,physical_units_certified,physical_connections_certified
401519,0,I680-S,S,True,True,28320,28320,28320,28320,28320,True,True,0,False,False
401551,1,I80-E,E,True,True,28320,28320,28320,28320,28320,True,True,0,False,False
407456,2,I680-N,N,True,True,28320,28320,28320,28320,28320,True,True,0,False,False
402213,3,SR4-W,W,True,True,28320,28320,28320,28320,28320,True,True,506,False,False
404401,4,I80-E,E,True,True,28320,28320,28320,28320,28320,True,True,0,False,False
400675,5,I580-W,W,True,True,28320,28320,28320,28320,28320,True,True,0,False,False
401526,6,SR4-W,W,True,True,28320,28320,28320,28320,28320,True,True,993,False,False
400756,7,I680-S,S,True,True,28320,28320,28320,28320,28320,True,True,0,False,False
401366,8,I680-S,S,True,True,28320,28320,28320,28320,28320,True,True,0,False,False
402412,9,I680-S,S,True,True,28320,28320,28320,28320,28320,True,True,0,False,False
401058,10,I80-E,E,True,True,28320,28320,28320,28320,28320,True,True,0,False,False
402208,11,SR4-W,W,True,True,28320,28320,28320,28320,28320,True,True,709,False,False
401126,12,I680-S,S,True,True,28320,28320,28320,28320,28320,True,True,0,False,False
402511,13,SR4-W,W,True,True,28320,28320,28320,28320,28320,True,True,635,False,False
400505,14,I680-N,N,True,True,28320,28320,28320,28320,28320,True,True,0,False,False
400749,15,I680-S,S,True,True,28320,28320,28320,28320,28320,True,True,0,False,False
414247,16,SR242-N,N,True,True,28320,28320,28320,28320,28320,True,True,214,False,False
400501,17,I80-W,W,True,True,28320,28320,28320,28320,28320,True,True,0,False,False
401768,18,I680-N,N,True,True,28320,28320,28320,28320,28320,True,True,0,False,False
400301,19,I80-W,W,True,True,28320,28320,28320,28320,28320,True,True,0,False,False
424094,20,SR4-E,E,True,True,28320,28320,28320,28320,28320,True,True,322,False,False
400600,21,SR24-W,W,True,True,28320,28320,28320,28320,28320,True,True,309,False,False
401889,22,I680-S,S,True,True,28320,28320,28320,28320,28320,True,True,0,False,False
400755,23,I80-W,W,True,True,28320,28320,28320,28320,28320,True,True,0,False,False
406660,24,I80-W,W,True,True,28320,28320,28320,28320,28320,True,True,0,False,False
401718,25,I680-N,N,True,True,28320,28320,28320,28320,28320,True,True,0,False,False
402090,26,SR4-E,E,True,True,28320,28320,28320,28320,28320,True,True,489,False,False
400800,27,SR24-W,W,True,True,28320,28320,28320,28320,28320,True,True,309,False,False
408608,28,SR4-E,E,True,True,28320,28320,28320,28320,28320,True,True,341,False,False
402834,29,SR4-W,W,True,True,28320,28320,28320,28320,28320,True,True,605,False,False
401002,30,SR24-E,E,True,True,28320,28320,28320,28320,28320,True,True,289,False,False
404407,31,I80-W,W,True,True,28320,28320,28320,28320,28320,True,True,0,False,False
402210,32,SR4-E,E,True,True,28320,28320,28320,28320,28320,True,True,604,False,False
405746,33,SR4-W,W,True,True,28320,28320,28320,28320,28320,True,True,570,False,False
402094,34,SR4-E,E,True,True,28320,28320,28320,28320,28320,True,True,488,False,False
407457,35,I680-N,N,True,True,28320,28320,28320,28320,28320,True,True,0,False,False
424084,36,I580-W,W,True,True,28320,28320,28320,28320,28320,True,True,0,False,False
402092,37,SR4-W,W,True,True,28320,28320,28320,28320,28320,True,True,568,False,False
402204,38,SR4-W,W,True,True,28320,28320,28320,28320,28320,True,True,876,False,False
421977,39,SR4-W,W,True,True,28320,28320,28320,28320,28320,True,True,673,False,False
400324,40,SR4-E,E,True,True,28320,28320,28320,28320,28320,True,True,945,False,False
402545,41,I680-S,S,True,True,28320,28320,28320,28320,28320,True,True,0,False,False
424105,42,SR4-W,W,True,True,28320,28320,28320,28320,28320,True,True,382,False,False
401197,43,I80-W,W,True,True,28320,28320,28320,28320,28320,True,True,0,False,False
414831,44,SR4-E,E,True,True,28320,28320,28320,28320,28320,True,True,663,False,False
400550,45,SR24-W,W,True,True,28320,28320,28320,28320,28320,True,True,309,False,False
414058,46,SR4-W,W,True,True,28320,28320,28320,28320,28320,True,True,857,False,False
401744,47,I680-S,S,True,True,28320,28320,28320,28320,28320,True,True,0,False,False
424092,48,SR4-E,E,True,True,28320,28320,28320,28320,28320,True,True,320,False,False
405924,49,I680-N,N,True,True,28320,28320,28320,28320,28320,True,True,0,False,False
402211,50,SR4-W,W,True,True,28320,28320,28320,28320,28320,True,True,507,False,False
401484,51,I680-S,S,True,True,28320,28320,28320,28320,28320,True,True,0,False,False
401924,52,I680-N,N,True,True,28320,28320,28320,28320,28320,True,True,0,False,False
421970,53,SR4-E,E,True,True,28320,28320,28320,28320,28320,True,True,512,False,False
400105,54,I680-S,S,True,True,28320,28320,28320,28320,28320,True,True,0,False,False
400112,55,SR242-N,N,True,True,28320,28320,28320,28320,28320,True,True,214,False,False
400401,56,I680-S,S,True,True,28320,28320,28320,28320,28320,True,True,0,False,False
401487,57,I680-N,N,True,True,28320,28320,28320,28320,28320,True,True,0,False,False
400878,58,SR24-W,W,True,True,28320,28320,28320,28320,28320,True,True,309,False,False
402072,59,I680-S,S,True,True,28320,28320,28320,28320,28320,True,True,0,False,False
402411,60,I680-N,N,True,True,28320,28320,28320,28320,28320,True,True,0,False,False
401253,61,I80-W,W,True,True,28320,28320,28320,28320,28320,True,True,0,False,False
401393,62,SR242-N,N,True,True,28320,28320,28320,28320,28320,True,True,214,False,False
400207,63,I680-N,N,True,True,28320,28320,28320,28320,28320,True,True,0,False,False
407473,64,I680-S,S,True,True,28320,28320,28320,28320,28320,True,True,0,False,False
401692,65,SR24-W,W,True,True,28320,28320,28320,28320,28320,True,True,309,False,False
400053,66,I680-S,S,True,True,28320,28320,28320,28320,28320,True,True,0,False,False
400027,67,I80-E,E,True,True,28320,28320,28320,28320,28320,True,True,0,False,False
401110,68,I680-S,S,True,True,28320,28320,28320,28320,28320,True,True,0,False,False
414035,69,SR4-E,E,True,True,28320,28320,28320,28320,28320,True,True,944,False,False
402515,70,SR4-W,W,True,True,28320,28320,28320,28320,28320,True,True,399,False,False
407238,71,SR4-W,W,True,True,28320,28320,28320,28320,28320,True,True,936,False,False
400712,72,I680-N,N,True,True,28320,28320,28320,28320,28320,True,True,0,False,False
414060,73,SR4-W,W,True,True,28320,28320,28320,28320,28320,True,True,740,False,False
402542,74,I680-S,S,True,True,28320,28320,28320,28320,28320,True,True,0,False,False
408602,75,SR4-E,E,True,True,28320,28320,28320,28320,28320,True,True,809,False,False
406065,76,SR4-W,W,True,True,28320,28320,28320,28320,28320,True,True,342,False,False
401689,77,SR24-W,W,True,True,28320,28320,28320,28320,28320,True,True,309,False,False
417288,78,I80-W,W,True,True,28320,28320,28320,28320,28320,True,True,0,False,False
401314,79,I680-N,N,True,True,28320,28320,28320,28320,28320,True,True,0,False,False
401437,80,I680-S,S,True,True,28320,28320,28320,28320,28320,True,True,0,False,False
400443,81,I80-E,E,True,True,28320,28320,28320,28320,28320,True,True,0,False,False
409584,82,I80-W,W,True,True,28320,28320,28320,28320,28320,True,True,0,False,False
400774,83,I680-S,S,True,True,28320,28320,28320,28320,28320,True,True,0,False,False
401818,84,I680-S,S,True,True,28320,28320,28320,28320,28320,True,True,0,False,False
406064,85,SR4-W,W,True,True,28320,28320,28320,28320,28320,True,True,968,False,False
401111,86,I680-S,S,True,True,28320,28320,28320,28320,28320,True,True,0,False,False
402062,87,I80-E,E,True,True,28320,28320,28320,28320,28320,True,True,0,False,False
400171,88,SR24-E,E,True,True,28320,28320,28320,28320,28320,True,True,290,False,False
400025,89,I680-N,N,True,True,28320,28320,28320,28320,28320,True,True,0,False,False
400465,90,I80-W,W,True,True,28320,28320,28320,28320,28320,True,True,0,False,False
402503,91,SR4-E,E,True,True,28320,28320,28320,28320,28320,True,True,961,False,False
400516,92,SR4-W,W,True,True,28320,28320,28320,28320,28320,True,True,838,False,False
401684,93,SR24-E,E,True,True,28320,28320,28320,28320,28320,True,True,290,False,False
414719,94,SR4-W,W,True,True,28320,28320,28320,28320,28320,True,True,760,False,False
402095,95,SR4-W,W,True,True,28320,28320,28320,28320,28320,True,True,568,False,False
408166,96,SR4-W,W,True,True,28320,28320,28320,28320,28320,True,True,504,False,False
401356,97,I680-S,S,True,True,28320,28320,28320,28320,28320,True,True,0,False,False
400494,98,SR24-E,E,True,True,28320,28320,28320,28320,28320,True,True,290,False,False
402071,99,SR160-N,N,True,True,28320,28320,28320,28320,28320,True,True,0,False,False
401917,100,I680-N,N,True,True,28320,28320,28320,28320,28320,True,True,0,False,False
400989,101,SR24-W,W,True,True,28320,28320,28320,28320,28320,True,True,309,False,False
407469,102,I680-S,S,True,True,28320,28320,28320,28320,28320,True,True,0,False,False
402088,103,SR4-E,E,True,True,28320,28320,28320,28320,28320,True,True,489,False,False
402837,104,SR4-E,E,True,True,28320,28320,28320,28320,28320,True,True,750,False,False
414249,105,SR242-N,N,True,True,28320,28320,28320,28320,28320,True,True,214,False,False
409960,106,SR4-E,E,True,True,28320,28320,28320,28320,28320,True,True,731,False,False
402203,107,SR4-E,E,True,True,28320,28320,28320,28320,28320,True,True,973,False,False
401283,108,I680-S,S,True,True,28320,28320,28320,28320,28320,True,True,0,False,False
401542,109,I680-N,N,True,True,28320,28320,28320,28320,28320,True,True,0,False,False
401114,110,I680-S,S,True,True,28320,28320,28320,28320,28320,True,True,0,False,False
402212,111,SR4-E,E,True,True,28320,28320,28320,28320,28320,True,True,546,False,False
400037,112,I680-S,S,True,True,28320,28320,28320,28320,28320,True,True,0,False,False
400538,113,I80-W,W,True,True,28320,28320,28320,28320,28320,True,True,0,False,False
401952,114,SR4-E,E,True,True,28320,28320,28320,28320,28320,True,True,748,False,False
404696,115,I680-N,N,True,True,28320,28320,28320,28320,28320,True,True,0,False,False
400628,116,I80-W,W,True,True,28320,28320,28320,28320,28320,True,True,0,False,False
414043,117,SR4-W,W,True,True,28320,28320,28320,28320,28320,True,True,998,False,False
400976,118,I80-E,E,True,True,28320,28320,28320,28320,28320,True,True,0,False,False
401045,119,I80-E,E,True,True,28320,28320,28320,28320,28320,True,True,0,False,False
400124,120,I80-E,E,True,True,28320,28320,28320,28320,28320,True,True,0,False,False
401894,121,I80-W,W,True,True,28320,28320,28320,28320,28320,True,True,0,False,False
407455,122,I680-N,N,True,True,28320,28320,28320,28320,28320,True,True,0,False,False
405585,123,SR4-W,W,True,True,28320,28320,28320,28320,28320,True,True,856,False,False
401359,124,I680-N,N,True,True,28320,28320,28320,28320,28320,True,True,0,False,False
401482,125,SR24-W,W,True,True,28320,28320,28320,28320,28320,True,True,309,False,False
400446,126,I680-S,S,True,True,28320,28320,28320,28320,28320,True,True,0,False,False
401762,127,I680-N,N,True,True,28320,28320,28320,28320,28320,True,True,0,False,False
400389,128,SR24-E,E,True,True,28320,28320,28320,28320,28320,True,True,290,False,False
400880,129,I680-N,N,True,True,28320,28320,28320,28320,28320,True,True,0,False,False
401041,130,I80-W,W,True,True,28320,28320,28320,28320,28320,True,True,0,False,False
401509,131,I80-E,E,True,True,28320,28320,28320,28320,28320,True,True,0,False,False
408604,132,SR4-E,E,True,True,28320,28320,28320,28320,28320,True,True,809,False,False
407464,133,I680-N,N,True,True,28320,28320,28320,28320,28320,True,True,0,False,False
401434,134,I680-N,N,True,True,28320,28320,28320,28320,28320,True,True,0,False,False
400521,135,SR242-N,N,True,True,28320,28320,28320,28320,28320,True,True,214,False,False
401742,136,I680-N,N,True,True,28320,28320,28320,28320,28320,True,True,0,False,False
402502,137,SR4-E,E,True,True,28320,28320,28320,28320,28320,True,True,961,False,False
415254,138,I80-E,E,True,True,28320,28320,28320,28320,28320,True,True,0,False,False
402541,139,I680-N,N,True,True,28320,28320,28320,28320,28320,True,True,0,False,False
402483,140,SR4-W,W,True,True,28320,28320,28320,28320,28320,True,True,661,False,False
402206,141,SR4-W,W,True,True,28320,28320,28320,28320,28320,True,True,793,False,False
400113,142,I80-W,W,True,True,28320,28320,28320,28320,28320,True,True,0,False,False
406056,143,SR4-E,E,True,True,28320,28320,28320,28320,28320,True,True,946,False,False
400101,144,SR24-W,W,True,True,28320,28320,28320,28320,28320,True,True,309,False,False
401746,145,SR24-E,E,True,True,28320,28320,28320,28320,28320,True,True,290,False,False
424096,146,SR4-E,E,True,True,28320,28320,28320,28320,28320,True,True,322,False,False
401444,147,I680-N,N,True,True,28320,28320,28320,28320,28320,True,True,0,False,False
405931,148,I680-S,S,True,True,28320,28320,28320,28320,28320,True,True,0,False,False
401734,149,I680-S,S,True,True,28320,28320,28320,28320,28320,True,True,0,False,False
400090,150,I680-N,N,True,True,28320,28320,28320,28320,28320,True,True,0,False,False
404358,151,SR4-W,W,True,True,28320,28320,28320,28320,28320,True,True,1019,False,False
414311,152,SR4-W,W,True,True,28320,28320,28320,28320,28320,True,True,774,False,False
408152,153,SR4-E,E,True,True,28320,28320,28320,28320,28320,True,True,404,False,False
401476,154,SR4-W,W,True,True,28320,28320,28320,28320,28320,True,True,879,False,False
424106,155,SR4-W,W,True,True,28320,28320,28320,28320,28320,True,True,379,False,False
401575,156,I80-E,E,True,True,28320,28320,28320,28320,28320,True,True,0,False,False
400972,157,I680-N,N,True,True,28320,28320,28320,28320,28320,True,True,0,False,False
407462,158,I680-N,N,True,True,28320,28320,28320,28320,28320,True,True,0,False,False
401827,159,SR4-W,W,True,True,28320,28320,28320,28320,28320,True,True,1004,False,False
400619,160,SR24-W,W,True,True,28320,28320,28320,28320,28320,True,True,309,False,False
414251,161,SR242-S,S,True,True,28320,28320,28320,28320,28320,True,True,214,False,False
401407,162,I680-N,N,True,True,28320,28320,28320,28320,28320,True,True,0,False,False
421238,163,I580-E,E,True,True,28320,28320,28320,28320,28320,True,True,0,False,False
407471,164,I680-S,S,True,True,28320,28320,28320,28320,28320,True,True,0,False,False
420645,165,I680-S,S,True,True,28320,28320,28320,28320,28320,True,True,0,False,False
400208,166,I680-S,S,True,True,28320,28320,28320,28320,28320,True,True,0,False,False
401401,167,SR242-N,N,True,True,28320,28320,28320,28320,28320,True,True,214,False,False
414032,168,SR4-E,E,True,True,28320,28320,28320,28320,28320,True,True,748,False,False
404728,169,I680-S,S,True,True,28320,28320,28320,28320,28320,True,True,0,False,False
400707,170,I80-W,W,True,True,28320,28320,28320,28320,28320,True,True,0,False,False
400211,171,I680-N,N,True,True,28320,28320,28320,28320,28320,True,True,0,False,False
400303,172,I680-N,N,True,True,28320,28320,28320,28320,28320,True,True,0,False,False
401420,173,I680-S,S,True,True,28320,28320,28320,28320,28320,True,True,0,False,False
405742,174,SR4-E,E,True,True,28320,28320,28320,28320,28320,True,True,490,False,False
408154,175,SR4-E,E,True,True,28320,28320,28320,28320,28320,True,True,837,False,False
401103,176,I680-S,S,True,True,28320,28320,28320,28320,28320,True,True,0,False,False
414028,177,SR4-E,E,True,True,28320,28320,28320,28320,28320,True,True,758,False,False
401229,178,I80-W,W,True,True,28320,28320,28320,28320,28320,True,True,0,False,False
401687,179,SR24-E,E,True,True,28320,28320,28320,28320,28320,True,True,290,False,False
414053,180,SR4-W,W,True,True,28320,28320,28320,28320,28320,True,True,708,False,False
424098,181,SR4-E,E,True,True,28320,28320,28320,28320,28320,True,True,278,False,False
415255,182,I80-E,E,True,True,28320,28320,28320,28320,28320,True,True,0,False,False
402491,183,SR4-E,E,True,True,28320,28320,28320,28320,28320,True,True,716,False,False
406652,184,I80-E,E,True,True,28320,28320,28320,28320,28320,True,True,0,False,False
402518,185,SR4-E,E,True,True,28320,28320,28320,28320,28320,True,True,412,False,False
416449,186,SR4-E,E,True,True,28320,28320,28320,28320,28320,True,True,723,False,False
402098,187,SR4-W,W,True,True,28320,28320,28320,28320,28320,True,True,504,False,False
414025,188,SR4-E,E,True,True,28320,28320,28320,28320,28320,True,True,671,False,False
414057,189,SR4-W,W,True,True,28320,28320,28320,28320,28320,True,True,1016,False,False
401522,190,I680-S,S,True,True,28320,28320,28320,28320,28320,True,True,0,False,False
400883,191,I680-S,S,True,True,28320,28320,28320,28320,28320,True,True,0,False,False
414248,192,SR242-N,N,True,True,28320,28320,28320,28320,28320,True,True,214,False,False
400437,193,I680-S,S,True,True,28320,28320,28320,28320,28320,True,True,0,False,False
401646,194,I80-W,W,True,True,28320,28320,28320,28320,28320,True,True,0,False,False
416930,195,SR4-E,E,True,True,28320,28320,28320,28320,28320,True,True,716,False,False
400639,196,I580-E,E,True,True,28320,28320,28320,28320,28320,True,True,0,False,False
401104,197,I680-N,N,True,True,28320,28320,28320,28320,28320,True,True,0,False,False
401112,198,I680-N,N,True,True,28320,28320,28320,28320,28320,True,True,0,False,False
405583,199,SR4-W,W,True,True,28320,28320,28320,28320,28320,True,True,706,False,False
414480,200,SR4-E,E,True,True,28320,28320,28320,28320,28320,True,True,852,False,False
401100,201,I680-S,S,True,True,28320,28320,28320,28320,28320,True,True,0,False,False
401399,202,SR242-S,S,True,True,28320,28320,28320,28320,28320,True,True,214,False,False
405763,203,I80-W,W,True,True,28320,28320,28320,28320,28320,True,True,0,False,False
401423,204,SR24-W,W,True,True,28320,28320,28320,28320,28320,True,True,309,False,False
402209,205,SR4-W,W,True,True,28320,28320,28320,28320,28320,True,True,521,False,False
401918,206,I680-S,S,True,True,28320,28320,28320,28320,28320,True,True,0,False,False
414041,207,SR4-E,E,True,True,28320,28320,28320,28320,28320,True,True,922,False,False
416736,208,SR4-E,E,True,True,28320,28320,28320,28320,28320,True,True,758,False,False
407475,209,I680-S,S,True,True,28320,28320,28320,28320,28320,True,True,0,False,False
401056,210,I680-S,S,True,True,28320,28320,28320,28320,28320,True,True,0,False,False
420613,211,I680-N,N,True,True,28320,28320,28320,28320,28320,True,True,0,False,False
400902,212,I80-E,E,True,True,28320,28320,28320,28320,28320,True,True,0,False,False
409958,213,SR4-E,E,True,True,28320,28320,28320,28320,28320,True,True,733,False,False
405275,214,SR4-W,W,True,True,28320,28320,28320,28320,28320,True,True,975,False,False
402489,215,SR4-E,E,True,True,28320,28320,28320,28320,28320,True,True,663,False,False
414838,216,SR4-W,W,True,True,28320,28320,28320,28320,28320,True,True,703,False,False
400747,217,SR24-W,W,True,True,28320,28320,28320,28320,28320,True,True,309,False,False
424059,218,I580-W,W,True,True,28320,28320,28320,28320,28320,True,True,0,False,False
414056,219,SR4-W,W,True,True,28320,28320,28320,28320,28320,True,True,718,False,False
420643,220,I680-S,S,True,True,28320,28320,28320,28320,28320,True,True,0,False,False
400413,221,SR24-W,W,True,True,28320,28320,28320,28320,28320,True,True,309,False,False
401328,222,I680-S,S,True,True,28320,28320,28320,28320,28320,True,True,0,False,False
414839,223,SR4-W,W,True,True,28320,28320,28320,28320,28320,True,True,760,False,False
427183,224,I680-S,S,True,True,28320,28320,28320,28320,28320,True,True,0,False,False
400532,225,SR24-E,E,True,True,28320,28320,28320,28320,28320,True,True,290,False,False
402490,226,SR4-W,W,True,True,28320,28320,28320,28320,28320,True,True,798,False,False
400596,227,SR242-S,S,True,True,28320,28320,28320,28320,28320,True,True,214,False,False
404877,228,SR4-W,W,True,True,28320,28320,28320,28320,28320,True,True,998,False,False
400770,229,I80-E,E,True,True,28320,28320,28320,28320,28320,True,True,0,False,False
401496,230,I680-S,S,True,True,28320,28320,28320,28320,28320,True,True,0,False,False
401113,231,I680-N,N,True,True,28320,28320,28320,28320,28320,True,True,0,False,False
411149,232,I80-W,W,True,True,28320,28320,28320,28320,28320,True,True,0,False,False
400202,233,I580-E,E,True,True,28320,28320,28320,28320,28320,True,True,0,False,False
407452,234,I680-N,N,True,True,28320,28320,28320,28320,28320,True,True,0,False,False
415264,235,I80-W,W,True,True,28320,28320,28320,28320,28320,True,True,0,False,False
401102,236,I680-N,N,True,True,28320,28320,28320,28320,28320,True,True,0,False,False
424055,237,I580-E,E,True,True,28320,28320,28320,28320,28320,True,True,0,False,False
400235,238,I80-W,W,True,True,28320,28320,28320,28320,28320,True,True,0,False,False
424091,239,SR4-E,E,True,True,28320,28320,28320,28320,28320,True,True,320,False,False
402509,240,SR4-W,W,True,True,28320,28320,28320,28320,28320,True,True,734,False,False
400993,241,SR4-W,W,True,True,28320,28320,28320,28320,28320,True,True,918,False,False
404360,242,SR4-W,W,True,True,28320,28320,28320,28320,28320,True,True,998,False,False
414050,243,SR4-W,W,True,True,28320,28320,28320,28320,28320,True,True,728,False,False
407479,244,I680-S,S,True,True,28320,28320,28320,28320,28320,True,True,0,False,False
404350,245,SR4-E,E,True,True,28320,28320,28320,28320,28320,True,True,955,False,False
401566,246,I680-N,N,True,True,28320,28320,28320,28320,28320,True,True,0,False,False
404727,247,I680-S,S,True,True,28320,28320,28320,28320,28320,True,True,0,False,False
414294,248,SR4-E,E,True,True,28320,28320,28320,28320,28320,True,True,639,False,False
401830,249,SR4-W,W,True,True,28320,28320,28320,28320,28320,True,True,1012,False,False
400604,250,SR24-W,W,True,True,28320,28320,28320,28320,28320,True,True,309,False,False
401748,251,I680-S,S,True,True,28320,28320,28320,28320,28320,True,True,0,False,False
401558,252,I80-E,E,True,True,28320,28320,28320,28320,28320,True,True,0,False,False
400307,253,SR242-S,S,True,True,28320,28320,28320,28320,28320,True,True,214,False,False
400361,254,I80-W,W,True,True,28320,28320,28320,28320,28320,True,True,0,False,False
401395,255,I80-W,W,True,True,28320,28320,28320,28320,28320,True,True,0,False,False
400579,256,SR24-E,E,True,True,28320,28320,28320,28320,28320,True,True,290,False,False
402504,257,SR4-W,W,True,True,28320,28320,28320,28320,28320,True,True,974,False,False
401256,258,I80-W,W,True,True,28320,28320,28320,28320,28320,True,True,0,False,False
401770,259,I680-N,N,True,True,28320,28320,28320,28320,28320,True,True,0,False,False
400323,260,SR24-E,E,True,True,28320,28320,28320,28320,28320,True,True,290,False,False
407486,261,I680-S,S,True,True,28320,28320,28320,28320,28320,True,True,0,False,False
400801,262,I680-N,N,True,True,28320,28320,28320,28320,28320,True,True,0,False,False
403946,263,I80-E,E,True,True,28320,28320,28320,28320,28320,True,True,0,False,False
400819,264,I80-W,W,True,True,28320,28320,28320,28320,28320,True,True,0,False,False
409966,265,SR4-W,W,True,True,28320,28320,28320,28320,28320,True,True,843,False,False
401230,266,I80-W,W,True,True,28320,28320,28320,28320,28320,True,True,0,False,False
424111,267,SR4-W,W,True,True,28320,28320,28320,28320,28320,True,True,374,False,False
401107,268,I680-N,N,True,True,28320,28320,28320,28320,28320,True,True,0,False,False
401724,269,I680-N,N,True,True,28320,28320,28320,28320,28320,True,True,0,False,False
400929,270,I80-W,W,True,True,28320,28320,28320,28320,28320,True,True,0,False,False
400696,271,I680-S,S,True,True,28320,28320,28320,28320,28320,True,True,0,False,False
414837,272,SR4-W,W,True,True,28320,28320,28320,28320,28320,True,True,701,False,False
405274,273,SR4-W,W,True,True,28320,28320,28320,28320,28320,True,True,969,False,False
424042,274,I580-E,E,True,True,28320,28320,28320,28320,28320,True,True,0,False,False
400393,275,I680-S,S,True,True,28320,28320,28320,28320,28320,True,True,0,False,False
400082,276,I80-E,E,True,True,28320,28320,28320,28320,28320,True,True,0,False,False
416940,277,SR4-W,W,True,True,28320,28320,28320,28320,28320,True,True,798,False,False
405270,278,SR4-E,E,True,True,28320,28320,28320,28320,28320,True,True,831,False,False
400470,279,I80-W,W,True,True,28320,28320,28320,28320,28320,True,True,0,False,False
400988,280,I680-N,N,True,True,28320,28320,28320,28320,28320,True,True,0,False,False
409956,281,SR4-E,E,True,True,28320,28320,28320,28320,28320,True,True,738,False,False
401925,282,I680-S,S,True,True,28320,28320,28320,28320,28320,True,True,0,False,False
401568,283,SR4-E,E,True,True,28320,28320,28320,28320,28320,True,True,918,False,False
400933,284,I680-N,N,True,True,28320,28320,28320,28320,28320,True,True,0,False,False
400048,285,SR24-E,E,True,True,28320,28320,28320,28320,28320,True,True,290,False,False
400289,286,SR24-W,W,True,True,28320,28320,28320,28320,28320,True,True,309,False,False
401794,287,I680-S,S,True,True,28320,28320,28320,28320,28320,True,True,0,False,False
401098,288,I680-N,N,True,True,28320,28320,28320,28320,28320,True,True,0,False,False
402516,289,SR4-E,E,True,True,28320,28320,28320,28320,28320,True,True,524,False,False
405269,290,SR4-E,E,True,True,28320,28320,28320,28320,28320,True,True,954,False,False
400049,291,SR4-E,E,True,True,28320,28320,28320,28320,28320,True,True,918,False,False
420614,292,I680-N,N,True,True,28320,28320,28320,28320,28320,True,True,0,False,False
400251,293,SR24-E,E,True,True,28320,28320,28320,28320,28320,True,True,290,False,False
414295,294,SR4-E,E,True,True,28320,28320,28320,28320,28320,True,True,639,False,False
424110,295,SR4-W,W,True,True,28320,28320,28320,28320,28320,True,True,306,False,False
401683,296,SR24-W,W,True,True,28320,28320,28320,28320,28320,True,True,309,False,False
402476,297,SR24-E,E,True,True,28320,28320,28320,28320,28320,True,True,290,False,False
401895,298,I80-E,E,True,True,28320,28320,28320,28320,28320,True,True,0,False,False
402091,299,SR4-E,E,True,True,28320,28320,28320,28320,28320,True,True,489,False,False
403276,300,I80-E,E,True,True,28320,28320,28320,28320,28320,True,True,0,False,False
401289,301,SR242-S,S,True,True,28320,28320,28320,28320,28320,True,True,214,False,False
415263,302,I80-W,W,True,True,28320,28320,28320,28320,28320,True,True,0,False,False
400152,303,I680-N,N,True,True,28320,28320,28320,28320,28320,True,True,0,False,False
416790,304,I80-E,E,True,True,28320,28320,28320,28320,28320,True,True,0,False,False
401954,305,SR4-E,E,True,True,28320,28320,28320,28320,28320,True,True,921,False,False
400430,306,I80-E,E,True,True,28320,28320,28320,28320,28320,True,True,0,False,False
401090,307,I80-E,E,True,True,28320,28320,28320,28320,28320,True,True,0,False,False
401052,308,I80-W,W,True,True,28320,28320,28320,28320,28320,True,True,0,False,False
401955,309,I680-N,N,True,True,28320,28320,28320,28320,28320,True,True,0,False,False
400767,310,I680-S,S,True,True,28320,28320,28320,28320,28320,True,True,0,False,False
401956,311,I680-S,S,True,True,28320,28320,28320,28320,28320,True,True,0,False,False
400212,312,I680-N,N,True,True,28320,28320,28320,28320,28320,True,True,0,False,False
414039,313,SR4-E,E,True,True,28320,28320,28320,28320,28320,True,True,810,False,False
402488,314,SR4-W,W,True,True,28320,28320,28320,28320,28320,True,True,760,False,False
402505,315,SR4-W,W,True,True,28320,28320,28320,28320,28320,True,True,399,False,False
402836,316,SR4-W,W,True,True,28320,28320,28320,28320,28320,True,True,709,False,False
407997,317,SR24-W,W,True,True,28320,28320,28320,28320,28320,True,True,309,False,False
402214,318,SR4-E,E,True,True,28320,28320,28320,28320,28320,True,True,546,False,False
400329,319,I80-E,E,True,True,28320,28320,28320,28320,28320,True,True,0,False,False
400395,320,I580-E,E,True,True,28320,28320,28320,28320,28320,True,True,0,False,False
408164,321,SR4-W,W,True,True,28320,28320,28320,28320,28320,True,True,998,False,False
401279,322,I680-N,N,True,True,28320,28320,28320,28320,28320,True,True,0,False,False
400270,323,SR4-E,E,True,True,28320,28320,28320,28320,28320,True,True,1003,False,False
414829,324,SR4-E,E,True,True,28320,28320,28320,28320,28320,True,True,630,False,False
401124,325,I680-S,S,True,True,28320,28320,28320,28320,28320,True,True,0,False,False
400216,326,I580-E,E,True,True,28320,28320,28320,28320,28320,True,True,0,False,False
414707,327,SR4-E,E,True,True,28320,28320,28320,28320,28320,True,True,665,False,False
401468,328,I680-N,N,True,True,28320,28320,28320,28320,28320,True,True,0,False,False
404873,329,SR4-E,E,True,True,28320,28320,28320,28320,28320,True,True,945,False,False
400838,330,I80-E,E,True,True,28320,28320,28320,28320,28320,True,True,0,False,False
405029,331,I580-E,E,True,True,28320,28320,28320,28320,28320,True,True,0,False,False
401274,332,I80-W,W,True,True,28320,28320,28320,28320,28320,True,True,0,False,False
400378,333,I80-W,W,True,True,28320,28320,28320,28320,28320,True,True,0,False,False
402835,334,SR4-E,E,True,True,28320,28320,28320,28320,28320,True,True,606,False,False
404694,335,I680-N,N,True,True,28320,28320,28320,28320,28320,True,True,0,False,False
400169,336,I680-S,S,True,True,28320,28320,28320,28320,28320,True,True,0,False,False
400615,337,SR4-E,E,True,True,28320,28320,28320,28320,28320,True,True,886,False,False
403460,338,I80-E,E,True,True,28320,28320,28320,28320,28320,True,True,0,False,False
400617,339,SR24-W,W,True,True,28320,28320,28320,28320,28320,True,True,309,False,False
401828,340,SR4-E,E,True,True,28320,28320,28320,28320,28320,True,True,964,False,False
400407,341,I580-W,W,True,True,28320,28320,28320,28320,28320,True,True,0,False,False
423158,342,SR4-E,E,True,True,28320,28320,28320,28320,28320,True,True,489,False,False
406057,343,SR4-E,E,True,True,28320,28320,28320,28320,28320,True,True,954,False,False
402087,344,SR4-W,W,True,True,28320,28320,28320,28320,28320,True,True,569,False,False
402103,345,I680-S,S,True,True,28320,28320,28320,28320,28320,True,True,0,False,False
414031,346,SR4-E,E,True,True,28320,28320,28320,28320,28320,True,True,758,False,False
400182,347,I80-E,E,True,True,28320,28320,28320,28320,28320,True,True,0,False,False
400345,348,SR24-E,E,True,True,28320,28320,28320,28320,28320,True,True,290,False,False
414306,349,SR4-W,W,True,True,28320,28320,28320,28320,28320,True,True,607,False,False
403461,350,I80-W,W,True,True,28320,28320,28320,28320,28320,True,True,0,False,False
403459,351,I80-W,W,True,True,28320,28320,28320,28320,28320,True,True,0,False,False
401681,352,SR24-E,E,True,True,28320,28320,28320,28320,28320,True,True,290,False,False
400554,353,I680-N,N,True,True,28320,28320,28320,28320,28320,True,True,0,False,False
416459,354,SR4-W,W,True,True,28320,28320,28320,28320,28320,True,True,801,False,False
400764,355,SR4-E,E,True,True,28320,28320,28320,28320,28320,True,True,1003,False,False
409968,356,SR4-W,W,True,True,28320,28320,28320,28320,28320,True,True,838,False,False
402522,357,SR4-W,W,True,True,28320,28320,28320,28320,28320,True,True,254,False,False
400359,358,I580-E,E,True,True,28320,28320,28320,28320,28320,True,True,0,False,False
401537,359,SR242-N,N,True,True,28320,28320,28320,28320,28320,True,True,214,False,False
402510,360,SR4-E,E,True,True,28320,28320,28320,28320,28320,True,True,765,False,False
407487,361,I680-S,S,True,True,28320,28320,28320,28320,28320,True,True,0,False,False
405276,362,SR4-W,W,True,True,28320,28320,28320,28320,28320,True,True,981,False,False
424086,363,I580-W,W,True,True,28320,28320,28320,28320,28320,True,True,0,False,False
401070,364,I80-E,E,True,True,28320,28320,28320,28320,28320,True,True,0,False,False
411075,365,SR4-W,W,True,True,28320,28320,28320,28320,28320,True,True,905,False,False
402540,366,I680-N,N,True,True,28320,28320,28320,28320,28320,True,True,0,False,False
402514,367,SR4-W,W,True,True,28320,28320,28320,28320,28320,True,True,607,False,False
416929,368,SR4-E,E,True,True,28320,28320,28320,28320,28320,True,True,716,False,False
400946,369,SR24-E,E,True,True,28320,28320,28320,28320,28320,True,True,289,False,False
414830,370,SR4-E,E,True,True,28320,28320,28320,28320,28320,True,True,630,False,False
401347,371,I680-S,S,True,True,28320,28320,28320,28320,28320,True,True,0,False,False
405034,372,I580-W,W,True,True,28320,28320,28320,28320,28320,True,True,0,False,False
401778,373,I680-N,N,True,True,28320,28320,28320,28320,28320,True,True,0,False,False
402482,374,SR4-E,E,True,True,28320,28320,28320,28320,28320,True,True,490,False,False
401571,375,I80-W,W,True,True,28320,28320,28320,28320,28320,True,True,0,False,False
401720,376,I680-S,S,True,True,28320,28320,28320,28320,28320,True,True,0,False,False
405930,377,I680-S,S,True,True,28320,28320,28320,28320,28320,True,True,0,False,False
401280,378,I680-S,S,True,True,28320,28320,28320,28320,28320,True,True,0,False,False
401950,379,I680-S,S,True,True,28320,28320,28320,28320,28320,True,True,0,False,False
401344,380,I680-S,S,True,True,28320,28320,28320,28320,28320,True,True,0,False,False
402086,381,SR4-E,E,True,True,28320,28320,28320,28320,28320,True,True,490,False,False
416943,382,SR4-W,W,True,True,28320,28320,28320,28320,28320,True,True,797,False,False
408621,383,SR4-W,W,True,True,28320,28320,28320,28320,28320,True,True,382,False,False
407233,384,SR4-E,E,True,True,28320,28320,28320,28320,28320,True,True,946,False,False
400852,385,I680-S,S,True,True,28320,28320,28320,28320,28320,True,True,0,False,False
414252,386,SR242-S,S,True,True,28320,28320,28320,28320,28320,True,True,214,False,False
400814,387,I680-N,N,True,True,28320,28320,28320,28320,28320,True,True,0,False,False
400354,388,SR24-W,W,True,True,28320,28320,28320,28320,28320,True,True,309,False,False
401083,389,I80-W,W,True,True,28320,28320,28320,28320,28320,True,True,0,False,False
400150,390,I680-N,N,True,True,28320,28320,28320,28320,28320,True,True,0,False,False
400660,391,I80-E,E,True,True,28320,28320,28320,28320,28320,True,True,0,False,False
405580,392,SR4-E,E,True,True,28320,28320,28320,28320,28320,True,True,857,False,False
400785,393,I680-N,N,True,True,28320,28320,28320,28320,28320,True,True,0,False,False
401829,394,SR4-E,E,True,True,28320,28320,28320,28320,28320,True,True,946,False,False
407463,395,I680-N,N,True,True,28320,28320,28320,28320,28320,True,True,0,False,False
401951,396,SR4-W,W,True,True,28320,28320,28320,28320,28320,True,True,708,False,False
414253,397,SR242-S,S,True,True,28320,28320,28320,28320,28320,True,True,214,False,False
408619,398,SR4-W,W,True,True,28320,28320,28320,28320,28320,True,True,451,False,False
401480,399,I80-W,W,True,True,28320,28320,28320,28320,28320,True,True,0,False,False
404683,400,I680-N,N,True,True,28320,28320,28320,28320,28320,True,True,0,False,False
401422,401,I680-N,N,True,True,28320,28320,28320,28320,28320,True,True,0,False,False
407023,402,I580-W,W,True,True,28320,28320,28320,28320,28320,True,True,0,False,False
408634,403,I80-E,E,True,True,28320,28320,28320,28320,28320,True,True,0,False,False
404730,404,I680-S,S,True,True,28320,28320,28320,28320,28320,True,True,0,False,False
400580,405,SR24-W,W,True,True,28320,28320,28320,28320,28320,True,True,309,False,False
424104,406,SR4-W,W,True,True,28320,28320,28320,28320,28320,True,True,379,False,False
400867,407,I580-W,W,True,True,28320,28320,28320,28320,28320,True,True,0,False,False
400865,408,I80-E,E,True,True,28320,28320,28320,28320,28320,True,True,0,False,False
400636,409,I680-N,N,True,True,28320,28320,28320,28320,28320,True,True,0,False,False
401825,410,SR4-W,W,True,True,28320,28320,28320,28320,28320,True,True,1030,False,False
400748,411,SR24-E,E,True,True,28320,28320,28320,28320,28320,True,True,289,False,False
414046,412,SR4-W,W,True,True,28320,28320,28320,28320,28320,True,True,548,False,False
401084,413,I80-W,W,True,True,28320,28320,28320,28320,28320,True,True,0,False,False
401780,414,I680-N,N,True,True,28320,28320,28320,28320,28320,True,True,0,False,False
400078,415,I680-N,N,True,True,28320,28320,28320,28320,28320,True,True,0,False,False
408151,416,SR4-E,E,True,True,28320,28320,28320,28320,28320,True,True,379,False,False
408615,417,SR4-W,W,True,True,28320,28320,28320,28320,28320,True,True,902,False,False
400313,418,I80-W,W,True,True,28320,28320,28320,28320,28320,True,True,0,False,False
402068,419,SR4-W,W,True,True,28320,28320,28320,28320,28320,True,True,956,False,False
402085,420,SR4-W,W,True,True,28320,28320,28320,28320,28320,True,True,570,False,False
402093,421,SR4-W,W,True,True,28320,28320,28320,28320,28320,True,True,568,False,False
414250,422,SR242-S,S,True,True,28320,28320,28320,28320,28320,True,True,214,False,False
400184,423,I680-N,N,True,True,28320,28320,28320,28320,28320,True,True,0,False,False
401215,424,I80-W,W,True,True,28320,28320,28320,28320,28320,True,True,0,False,False
401461,425,I680-S,S,True,True,28320,28320,28320,28320,28320,True,True,0,False,False
400450,426,I680-N,N,True,True,28320,28320,28320,28320,28320,True,True,0,False,False
401282,427,SR242-N,N,True,True,28320,28320,28320,28320,28320,True,True,214,False,False
401097,428,I680-S,S,True,True,28320,28320,28320,28320,28320,True,True,0,False,False
416774,429,I80-W,W,True,True,28320,28320,28320,28320,28320,True,True,0,False,False
400438,430,SR24-E,E,True,True,28320,28320,28320,28320,28320,True,True,290,False,False
407017,431,I580-E,E,True,True,28320,28320,28320,28320,28320,True,True,0,False,False
417277,432,I80-E,E,True,True,28320,28320,28320,28320,28320,True,True,0,False,False
405754,433,I80-E,E,True,True,28320,28320,28320,28320,28320,True,True,0,False,False
400193,434,I680-S,S,True,True,28320,28320,28320,28320,28320,True,True,0,False,False
400118,435,I680-N,N,True,True,28320,28320,28320,28320,28320,True,True,0,False,False
404684,436,I680-N,N,True,True,28320,28320,28320,28320,28320,True,True,0,False,False
402089,437,SR4-W,W,True,True,28320,28320,28320,28320,28320,True,True,569,False,False
401095,438,I680-N,N,True,True,28320,28320,28320,28320,28320,True,True,0,False,False
424095,439,SR4-E,E,True,True,28320,28320,28320,28320,28320,True,True,322,False,False
421260,440,I580-W,W,True,True,28320,28320,28320,28320,28320,True,True,0,False,False
400079,441,I80-W,W,True,True,28320,28320,28320,28320,28320,True,True,0,False,False
401750,442,I680-S,S,True,True,28320,28320,28320,28320,28320,True,True,0,False,False
401793,443,I80-E,E,True,True,28320,28320,28320,28320,28320,True,True,0,False,False
402207,444,SR4-E,E,True,True,28320,28320,28320,28320,28320,True,True,864,False,False
402096,445,SR4-E,E,True,True,28320,28320,28320,28320,28320,True,True,488,False,False
408606,446,SR4-E,E,True,True,28320,28320,28320,28320,28320,True,True,322,False,False
404356,447,SR4-E,E,True,True,28320,28320,28320,28320,28320,True,True,412,False,False
403458,448,I80-E,E,True,True,28320,28320,28320,28320,28320,True,True,0,False,False
401441,449,I680-N,N,True,True,28320,28320,28320,28320,28320,True,True,0,False,False
402070,450,SR160-S,S,True,True,28320,28320,28320,28320,28320,True,True,0,False,False
402512,451,SR4-E,E,True,True,28320,28320,28320,28320,28320,True,True,757,False,False
400736,452,SR24-E,E,True,True,28320,28320,28320,28320,28320,True,True,290,False,False
405046,453,SR4-E,E,True,True,28320,28320,28320,28320,28320,True,True,817,False,False
400616,454,SR24-W,W,True,True,28320,28320,28320,28320,28320,True,True,309,False,False
402069,455,SR4-E,E,True,True,28320,28320,28320,28320,28320,True,True,863,False,False
406623,456,SR4-E,E,True,True,28320,28320,28320,28320,28320,True,True,749,False,False
401373,457,I680-N,N,True,True,28320,28320,28320,28320,28320,True,True,0,False,False
400958,458,I680-S,S,True,True,28320,28320,28320,28320,28320,True,True,0,False,False
401826,459,SR4-E,E,True,True,28320,28320,28320,28320,28320,True,True,973,False,False
401756,460,SR4-W,W,True,True,28320,28320,28320,28320,28320,True,True,769,False,False
402507,461,SR4-W,W,True,True,28320,28320,28320,28320,28320,True,True,718,False,False
400197,462,SR24-E,E,True,True,28320,28320,28320,28320,28320,True,True,290,False,False
401840,463,I680-S,S,True,True,28320,28320,28320,28320,28320,True,True,0,False,False
402521,464,SR4-W,W,True,True,28320,28320,28320,28320,28320,True,True,310,False,False
402543,465,I680-S,S,True,True,28320,28320,28320,28320,28320,True,True,0,False,False
424031,466,I580-E,E,True,True,28320,28320,28320,28320,28320,True,True,0,False,False
407987,467,SR24-E,E,True,True,28320,28320,28320,28320,28320,True,True,290,False,False
402517,468,SR4-W,W,True,True,28320,28320,28320,28320,28320,True,True,354,False,False
400445,469,I80-E,E,True,True,28320,28320,28320,28320,28320,True,True,0,False,False
401673,470,I80-W,W,True,True,28320,28320,28320,28320,28320,True,True,0,False,False
400741,471,I680-S,S,True,True,28320,28320,28320,28320,28320,True,True,0,False,False
401485,472,SR4-E,E,True,True,28320,28320,28320,28320,28320,True,True,948,False,False
414840,473,SR4-W,W,True,True,28320,28320,28320,28320,28320,True,True,703,False,False
403267,474,SR4-W,W,True,True,28320,28320,28320,28320,28320,True,True,261,False,False
404690,475,I680-N,N,True,True,28320,28320,28320,28320,28320,True,True,0,False,False
401081,476,I80-W,W,True,True,28320,28320,28320,28320,28320,True,True,0,False,False
400553,477,I680-S,S,True,True,28320,28320,28320,28320,28320,True,True,0,False,False
408165,478,SR4-W,W,True,True,28320,28320,28320,28320,28320,True,True,955,False,False
406063,479,SR4-W,W,True,True,28320,28320,28320,28320,28320,True,True,936,False,False
405024,480,I580-E,E,True,True,28320,28320,28320,28320,28320,True,True,0,False,False
402501,481,SR4-W,W,True,True,28320,28320,28320,28320,28320,True,True,1019,False,False
400411,482,I80-W,W,True,True,28320,28320,28320,28320,28320,True,True,0,False,False
402205,483,SR4-E,E,True,True,28320,28320,28320,28320,28320,True,True,881,False,False
401226,484,I80-W,W,True,True,28320,28320,28320,28320,28320,True,True,0,False,False
402513,485,SR4-E,E,True,True,28320,28320,28320,28320,28320,True,True,671,False,False
401999,486,I680-S,S,True,True,28320,28320,28320,28320,28320,True,True,0,False,False
401774,487,I680-S,S,True,True,28320,28320,28320,28320,28320,True,True,0,False,False
405030,488,I580-W,W,True,True,28320,28320,28320,28320,28320,True,True,0,False,False
406906,489,I680-N,N,True,True,28320,28320,28320,28320,28320,True,True,0,False,False
400478,490,I80-E,E,True,True,28320,28320,28320,28320,28320,True,True,0,False,False
400738,491,I580-W,W,True,True,28320,28320,28320,28320,28320,True,True,0,False,False
404687,492,I680-N,N,True,True,28320,28320,28320,28320,28320,True,True,0,False,False
400110,493,I680-S,S,True,True,28320,28320,28320,28320,28320,True,True,0,False,False
401288,494,I680-S,S,True,True,28320,28320,28320,28320,28320,True,True,0,False,False
400734,495,I580-W,W,True,True,28320,28320,28320,28320,28320,True,True,0,False,False
